"","WRIA.Number","mean_Overall.Score","SD_overallscore","SE_overallscore","len","RKT_trend","Avg_RKTSlope_Overall.Score","Avg_RKTtau_Overall.Score","Avg_RKTpval_Overall.Score","sites","min","max","med"
"1",7,75.6752913216954,16.057031589933,0.914934288109693,308,"none",0.166104785447439,0.0744466800804829,0.136196298423713,53,14.8723698781838,99.8966408268734,77.8837399300806
"2",8,47.8351698195285,25.0477019321068,0.609110495355916,1691,"positive",0.482559032384882,0.210970089642318,0,192,0,100,49.0858218848535
"3",9,50.1059611805963,24.5234215296253,0.775498680540263,1000,"positive",0.335402872332577,0.149426837491571,1.10577413892088e-09,89,0,95.999354005168,53.8786342566403
"4",10,60.7680412496094,19.721800416983,3.43312478781451,33,"none",-0.41400289205849,-0.0952380952380952,0.617075077451974,7,24.4090721559942,94.8449612403101,57.7890528304345
