Sample.Code,Surface.Area,prop_counted,Sampling.Grid.Squares.Counted,Total.Sampling.Grid.Squares
09MID1744_13_rep,8,0.666666667,20,30
09MID1744_13,8,0.333333333,10,30
08LIT2585_11,3,0.666666667,20,30
09MID2426/05-R,3,1,1,1
09SOO0943_2003,3,0.8,24,30
